{
  "meta": {
    "source": "outputs/sections.json",
    "version": 1
  },
  "sections": [
    {
      "id": "sec_01",
      "title": "What is going on everybody",
      "bullets": [
        "Welcome back to The Common Coder.",
        "My name is Josh and in this video I'm going to be showing you how to use Git with Visual Studio Code.",
        "So let's go ahead and get started."
      ],
      "tldr": "What is going on everybody?",
      "terms": [
        {
          "term": "What",
          "def": ""
        },
        {
          "term": "Welcome",
          "def": ""
        },
        {
          "term": "The Common Coder",
          "def": ""
        },
        {
          "term": "Josh",
          "def": ""
        },
        {
          "term": "Git",
          "def": ""
        },
        {
          "term": "Visual Studio Code",
          "def": ""
        }
      ],
      "cloze": [
        "{{c1::Welcome}} back to The Common Coder.",
        "My name is {{c1::Josh}} and in this video I'm going to be showing you how to use Git with Visual Studio Code.",
        "So let's go ahead and get {{c1::started}}"
      ]
    },
    {
      "id": "sec_02",
      "title": "All right, so before we get started we do need to go over a couple pre",
      "bullets": [
        "So the first thing that you'll need to do is make sure you have VS Code installed.",
        "The next thing you'll need to do is make sure that you have Git installed and then optionally depending on how far you want to go with this…."
      ],
      "tldr": "All right, so before we get started we do need to go over a couple prerequisites in order to follow along with this video.",
      "terms": [
        {
          "term": "All",
          "def": ""
        },
        {
          "term": "VS Code",
          "def": ""
        },
        {
          "term": "The",
          "def": ""
        },
        {
          "term": "Git",
          "def": ""
        },
        {
          "term": "GitHub",
          "def": ""
        },
        {
          "term": "SSH",
          "def": ""
        }
      ],
      "cloze": [
        "So the first thing that you'll need to do is make sure you have {{c1::VS Code}} installed.",
        "{{c1::The}} next thing you'll need to do is make sure that you have Git installed and then optionally depending on how far you want to go with this…."
      ]
    },
    {
      "id": "sec_03",
      "title": "So those parts are optional",
      "bullets": [
        "We're mainly going to be covering the Git tooling as it pertains to working with Git inside of VS Code but we are going to cover some GitHu….",
        "So I'd recommend you have all of these set up and if you need any help with that I have videos for every single one of these topics which I….",
        "All right so with all that out of the way let's go ahead and start working with Git inside of Visual Studio Code.",
        "So the first thing I'm going to do is go ahead and open up a terminal and what we're going to do is create a folder for our project.",
        "So when working with Visual Studio Code and with Git your projects are literally just folders."
      ],
      "tldr": "So those parts are optional.",
      "terms": [
        {
          "term": "Git",
          "def": ""
        },
        {
          "term": "VS Code",
          "def": ""
        },
        {
          "term": "GitHub",
          "def": ""
        },
        {
          "term": "So I",
          "def": ""
        },
        {
          "term": "All",
          "def": ""
        },
        {
          "term": "Visual Studio Code",
          "def": ""
        }
      ],
      "cloze": [
        "We're mainly going to be covering the {{c1::Git}} tooling as it pertains to working with Git inside of VS Code but we are going to cover some GitHu….",
        "{{c1::So I}}'d recommend you have all of these set up and if you need any help with that I have videos for every single one of these topics which I….",
        "All right so with all that out of the way let's go ahead and start working with {{c1::Git}} inside of Visual Studio Code.",
        "So the first thing I'm going to do is go ahead and open up a terminal and what we're going to do is create a folder for our {{c1::project}}"
      ]
    },
    {
      "id": "sec_04",
      "title": "collection of files and folders",
      "bullets": [
        "So what we're going to do is go ahead and create a new folder for our project.",
        "Now I like to keep all my projects inside of a folder called code so I'm going to go ahead and cd into my code directory and inside of here…."
      ],
      "tldr": "collection of files and folders.",
      "terms": [
        {
          "term": "Now I",
          "def": ""
        }
      ],
      "cloze": [
        "So what we're going to do is go ahead and create a new folder for our {{c1::project}}",
        "{{c1::Now I}} like to keep all my projects inside of a folder called code so I'm going to go ahead and cd into my code directory and inside of here…."
      ]
    },
    {
      "id": "sec_05",
      "title": "All right and then I'm going to go ahead and cd into that directory so",
      "bullets": [
        "All right and then I'm going to go ahead and cd into that directory so vscode-git and then I'm going to go ahead and open this folder insid….",
        "All right now if you're working on Windows and you've installed Git and vscode it should have installed that code command for you in the pa….",
        "If not you might have to go back through your installation or manually add the code command into your computer's path and if you're on mac….",
        "All right so now that I've opened this folder you can see that there's no files in it here inside of my file explorer and what we want to d….",
        "To do that what we can do is go ahead and go into the source control panel over here on the left and you can see that we don't have a repos….",
        "Instead we get this big blue button that says initialize repository and a link to some documentation for vscode and git source control and…."
      ],
      "tldr": "All right and then I'm going to go ahead and cd into that directory so vscode-git and then I'm going to go ahead and open this folder inside of vscode and I ca…",
      "terms": [
        {
          "term": "All",
          "def": ""
        },
        {
          "term": "Windows",
          "def": ""
        },
        {
          "term": "Git",
          "def": ""
        },
        {
          "term": "Instead",
          "def": ""
        }
      ],
      "cloze": [
        "{{c1::All}} right and then I'm going to go ahead and cd into that directory so vscode-git and then I'm going to go ahead and open this folder insid….",
        "{{c1::All}} right now if you're working on Windows and you've installed Git and vscode it should have installed that code command for you in the pa….",
        "If not you might have to go back through your installation or manually add the code command into your computer's path and if {{c1::youre}} on mac….",
        "{{c1::All}} right so now that I've opened this folder you can see that there's no files in it here inside of my file explorer and what we want to d…."
      ]
    },
    {
      "id": "sec_06",
      "title": "github",
      "bullets": [
        "So we're going to focus on repository creation working with local files and at the very end we'll go ahead and talk about how to work with….",
        "So what I'm going to do is go ahead and click this blue initialize repository button and you can see that it has changed the screen here an….",
        "I can publish my branch if I'm connected to github and then down here in the bottom left hand corner you can see that our repository has be….",
        "So clicking that button to initialize the repository is the equivalent of running the git init command inside of the command line and what….",
        "I can also press control tilde to toggle my terminal open and closed but basically what we just did is the equivalent of running git init w….",
        "All right so the next thing that we're going to do is go ahead and add some files so I'm going to go ahead and just add an html file."
      ],
      "tldr": "github.",
      "terms": [
        {
          "term": "All",
          "def": ""
        }
      ],
      "cloze": [
        "So we're going to focus on repository creation working with local files and at the very end we'll go ahead and talk about how to {{c1::work}} with….",
        "So what I'm going to do is go ahead and click this blue initialize repository button and you can see that it has changed the screen {{c1::here}} an….",
        "I can publish my branch if I'm connected to github and then down here in the bottom left hand corner you can see that our {{c1::repository}} has be….",
        "So clicking that button to initialize the repository is the equivalent of running the git init command inside of the command line and {{c1::what}}"
      ]
    },
    {
      "id": "sec_07",
      "title": "the little plus file button here that says new file and I'm going to g",
      "bullets": [
        "the little plus file button here that says new file and I'm going to go ahead and just call this index.html and I'm going to go ahead and g….",
        "All right now if we go back and look at the source control panel you can see that there are things happening inside as I work with my files….",
        "So what's happened as of right now is I've created a file and we can see over here on the left hand side we have this u here which indicate…."
      ],
      "tldr": "the little plus file button here that says new file and I'm going to go ahead and just call this index.html and I'm going to go ahead and give this file some c…",
      "terms": [
        {
          "term": "All",
          "def": ""
        }
      ],
      "cloze": [
        "the little plus file button here that says new file and I'm going to go ahead and just call this index.html and I'm going to go {{c1::ahead}} and g….",
        "{{c1::All}} right now if we go back and look at the source control panel you can see that there are things happening inside as I work with my files….",
        "So what's happened as of right now is I've created a file and we can see over here on the left hand side we have this u here which {{c1::indicate}}"
      ]
    },
    {
      "id": "sec_08",
      "title": "can't see any history from you know versions of that file previously i",
      "bullets": [
        "can't see any history from you know versions of that file previously it's a brand new file I've never committed this file to the repository…."
      ],
      "tldr": "can't see any history from you know versions of that file previously it's a brand new file I've never committed this file to the repository so it knows that it…",
      "terms": [],
      "cloze": [
        "can't see any history from you know versions of that file previously it's a brand new file I've never committed this file to the {{c1::repository}}"
      ]
    },
    {
      "id": "sec_09",
      "title": "let's go ahead and create a css file call it styles",
      "bullets": [
        "let's go ahead and create a css file call it styles.css and we'll go ahead and just link this style sheet using a link tag here and it's go…."
      ],
      "tldr": "let's go ahead and create a css file call it styles.css and we'll go ahead and just link this style sheet using a link tag here and it's going to be dot slash…",
      "terms": [],
      "cloze": [
        "let's go ahead and create a css file call it styles.css and we'll go ahead and just link this style sheet using a link tag {{c1::here}} and it's go…."
      ]
    },
    {
      "id": "sec_10",
      "title": "didn't have any file there's nothing there and this is the current ver",
      "bullets": [
        "didn't have any file there's nothing there and this is the current version of it so basically the difference between when I started and whe…."
      ],
      "tldr": "didn't have any file there's nothing there and this is the current version of it so basically the difference between when I started and where I'm at same thing…",
      "terms": [],
      "cloze": [
        "didn't have any file there's nothing there and this is the current version of it so basically the difference between when I {{c1::started}} and whe…."
      ]
    },
    {
      "id": "sec_12",
      "title": "so this is when we're ready to make a snapshot of these files at a par",
      "bullets": [
        "so this is when we're ready to make a snapshot of these files at a particular point in time and so I'm happy with my index file I'm happy w…."
      ],
      "tldr": "so this is when we're ready to make a snapshot of these files at a particular point in time and so I'm happy with my index file I'm happy with my css I can act…",
      "terms": [],
      "cloze": [
        "so this is when we're ready to make a snapshot of these files at a particular point in time and so I'm happy with my index file I'm {{c1::happy}} w…."
      ]
    },
    {
      "id": "sec_13",
      "title": "and then in quotes it would be initial commit and basically this comma",
      "bullets": [
        "and then in quotes it would be initial commit and basically this command is equivalent to typing this in the box and clicking commit so I'm…."
      ],
      "tldr": "and then in quotes it would be initial commit and basically this command is equivalent to typing this in the box and clicking commit so I'm gonna go ahead and…",
      "terms": [],
      "cloze": [
        "and then in quotes it would be initial commit and basically this command is equivalent to typing this in the box and clicking {{c1::commit}} so I'm…."
      ]
    },
    {
      "id": "sec_14",
      "title": "all and we can also undo our last commit so it's one of the things in",
      "bullets": [
        "all and we can also undo our last commit so it's one of the things in git that gets kind of confusing sometimes you might want to revert yo…."
      ],
      "tldr": "all and we can also undo our last commit so it's one of the things in git that gets kind of confusing sometimes you might want to revert your previous commit v…",
      "terms": [],
      "cloze": [
        "all and we can also undo our last commit so it's one of the things in git that gets kind of confusing sometimes you might want to {{c1::revert}} yo…."
      ]
    },
    {
      "id": "sec_15",
      "title": "let's go ahead and make it azure and then what we can do I'll go ahead",
      "bullets": [
        "let's go ahead and make it azure and then what we can do I'll go ahead and use that menu again to just commit all of these changes so we'll…."
      ],
      "tldr": "let's go ahead and make it azure and then what we can do I'll go ahead and use that menu again to just commit all of these changes so we'll stage and commit th…",
      "terms": [
        {
          "term": "HTML",
          "def": ""
        }
      ],
      "cloze": [
        "let's go ahead and make it azure and then what we can do I'll go ahead and use that menu again to just commit all of these changes so {{c1::well}}"
      ]
    },
    {
      "id": "sec_16",
      "title": "points and then on the right hand side you can see that this is what i",
      "bullets": [
        "points and then on the right hand side you can see that this is what it looks like currently before I've committed the change all right and…."
      ],
      "tldr": "points and then on the right hand side you can see that this is what it looks like currently before I've committed the change all right and you can see that we…",
      "terms": [
        {
          "term": "GitHub",
          "def": ""
        }
      ],
      "cloze": [
        "points and then on the right hand side you can see that this is what it looks like currently before I've committed the change all {{c1::right}} and…."
      ]
    },
    {
      "id": "sec_19",
      "title": "so if I run git stash that will basically save that working directory",
      "bullets": [
        "so if I run git stash that will basically save that working directory in a specific state and you can see I don't have that change anymore…."
      ],
      "tldr": "so if I run git stash that will basically save that working directory in a specific state and you can see I don't have that change anymore and my exclamation p…",
      "terms": [],
      "cloze": [
        "so if I run git stash that will basically save that working directory in a specific state and you can see I don't have that change {{c1::anymore}}"
      ]
    },
    {
      "id": "sec_20",
      "title": "so I'm gonna click on this and I can provide a stash message if I want",
      "bullets": [
        "so I'm gonna click on this and I can provide a stash message if I want to or I can just hit enter and you can see that changes are gone no…."
      ],
      "tldr": "so I'm gonna click on this and I can provide a stash message if I want to or I can just hit enter and you can see that changes are gone no pending changes and…",
      "terms": [],
      "cloze": [
        "so I'm gonna click on this and I can provide a stash message if I want to or I can just hit enter and you can see that changes are {{c1::gone}} no…."
      ]
    },
    {
      "id": "sec_21",
      "title": "and then pop off the one that you want using that menu there so pretty",
      "bullets": [
        "and then pop off the one that you want using that menu there so pretty cool feature and VS code makes this very very easy using this menu a…."
      ],
      "tldr": "and then pop off the one that you want using that menu there so pretty cool feature and VS code makes this very very easy using this menu all right so I'm gonn…",
      "terms": [],
      "cloze": [
        "and then pop off the one that you want using that menu there so pretty cool feature and VS code makes this very very easy using this {{c1::menu}} a…."
      ]
    }
  ],
  "glossary": [
    {
      "term": "What",
      "def": ""
    },
    {
      "term": "Welcome",
      "def": ""
    },
    {
      "term": "The Common Coder",
      "def": ""
    },
    {
      "term": "Josh",
      "def": ""
    },
    {
      "term": "Git",
      "def": ""
    },
    {
      "term": "Visual Studio Code",
      "def": ""
    },
    {
      "term": "All",
      "def": ""
    },
    {
      "term": "VS Code",
      "def": ""
    },
    {
      "term": "The",
      "def": ""
    },
    {
      "term": "GitHub",
      "def": ""
    },
    {
      "term": "SSH",
      "def": ""
    },
    {
      "term": "So I",
      "def": ""
    },
    {
      "term": "Now I",
      "def": ""
    },
    {
      "term": "Windows",
      "def": ""
    },
    {
      "term": "Instead",
      "def": ""
    },
    {
      "term": "HTML",
      "def": ""
    }
  ],
  "takeaways": [
    "What is going on everybody?",
    "All right, so before we get started we do need to go over a couple prerequisites in order to follow along with this video.",
    "So those parts are optional.",
    "collection of files and folders.",
    "All right and then I'm going to go ahead and cd into that directory so vscode-git and then I'm going to go ahead and open this folder inside of vscode and I ca…",
    "github.",
    "the little plus file button here that says new file and I'm going to go ahead and just call this index.html and I'm going to go ahead and give this file some c…",
    "can't see any history from you know versions of that file previously it's a brand new file I've never committed this file to the repository so it knows that it…",
    "let's go ahead and create a css file call it styles.css and we'll go ahead and just link this style sheet using a link tag here and it's going to be dot slash…",
    "didn't have any file there's nothing there and this is the current version of it so basically the difference between when I started and where I'm at same thing…",
    "so this is when we're ready to make a snapshot of these files at a particular point in time and so I'm happy with my index file I'm happy with my css I can act…",
    "and then in quotes it would be initial commit and basically this command is equivalent to typing this in the box and clicking commit so I'm gonna go ahead and…",
    "all and we can also undo our last commit so it's one of the things in git that gets kind of confusing sometimes you might want to revert your previous commit v…",
    "let's go ahead and make it azure and then what we can do I'll go ahead and use that menu again to just commit all of these changes so we'll stage and commit th…",
    "points and then on the right hand side you can see that this is what it looks like currently before I've committed the change all right and you can see that we…",
    "so if I run git stash that will basically save that working directory in a specific state and you can see I don't have that change anymore and my exclamation p…",
    "so I'm gonna click on this and I can provide a stash message if I want to or I can just hit enter and you can see that changes are gone no pending changes and…",
    "and then pop off the one that you want using that menu there so pretty cool feature and VS code makes this very very easy using this menu all right so I'm gonn…"
  ]
}