{
  "meta": {
    "source": "outputs/sections.json",
    "version": 1
  },
  "sections": [
    {
      "id": "sec_01",
      "title": "In the public space, we stand tall",
      "bullets": [
        "Love is the answer, a light for lazy to pay."
      ],
      "tldr": "In the public space, we stand tall.",
      "terms": [
        {
          "term": "Love",
          "def": ""
        }
      ],
      "cloze": [
        "{{c1::Love}} is the answer, a light for lazy to pay."
      ]
    }
  ],
  "glossary": [
    {
      "term": "Love",
      "def": ""
    }
  ],
  "takeaways": [
    "In the public space, we stand tall."
  ]
}